albumNo,photoUrl,isShow
1,IMG_7664.jpg,
1,IMG_7665.jpg,
1,IMG_7674.jpg,
1,IMG_7676.jpg,
1,IMG_7688.jpg,
1,IMG_7693.jpg,
1,IMG_7694.jpg,
1,IMG_7696.jpg,
1,IMG_7755.jpg,
1,IMG_7756.jpg,
1,IMG_7757.jpg,
1,IMG_7758.jpg,
1,IMG_7760.png,
1,IMG_7762.png,
1,IMG_7763.jpg,
1,IMG_7765.jpg,
1,IMG_7799.jpg,
1,IMG_7966.jpg,
1,IMG_7967.jpg,
1,IMG_7968.jpg,
1,IMG_7969.jpg,
1,IMG_7970.jpg,
1,IMG_7972.jpg,
1,IMG_7973.jpg,
1,IMG_7976.jpg,
1,IMG_7978.jpg,
1,IMG_7979.png,
1,IMG_7980.png,
1,IMG_7981.png,
1,IMG_7982.png,
1,IMG_7983.png,
1,IMG_7985.jpg,
1,IMG_7986.jpg,
1,IMG_7988.jpg,
1,IMG_7989.jpg,
